keyword,slug,category,intent,page_type,entity_type,entity_name,cluster_label,source,source_url,impressions,clicks,ctr,position
магний для женщин,magniy-dlya-zhenschin,Аудитории,commercial,audience,audience,для женщин,audience:dlya-zhenschin,seed_generator,,,,,
магний для мужчин,magniy-dlya-muzhchin,Аудитории,commercial,audience,audience,для мужчин,audience:dlya-muzhchin,seed_generator,,,,,
магний для детей,magniy-dlya-detey,Аудитории,commercial,audience,audience,для детей,audience:dlya-detey,seed_generator,,,,,
магний для спортсменов,magniy-dlya-sportsmenov,Аудитории,commercial,audience,audience,для спортсменов,audience:dlya-sportsmenov,seed_generator,,,,,
магний для беременных,magniy-dlya-beremennyh,Аудитории,commercial,audience,audience,для беременных,audience:dlya-beremennyh,seed_generator,,,,,
омега-3 для женщин,omega-3-dlya-zhenschin,Аудитории,commercial,audience,audience,для женщин,audience:dlya-zhenschin,seed_generator,,,,,
омега-3 для мужчин,omega-3-dlya-muzhchin,Аудитории,commercial,audience,audience,для мужчин,audience:dlya-muzhchin,seed_generator,,,,,
омега-3 для детей,omega-3-dlya-detey,Аудитории,commercial,audience,audience,для детей,audience:dlya-detey,seed_generator,,,,,
омега-3 для спортсменов,omega-3-dlya-sportsmenov,Аудитории,commercial,audience,audience,для спортсменов,audience:dlya-sportsmenov,seed_generator,,,,,
омега-3 для беременных,omega-3-dlya-beremennyh,Аудитории,commercial,audience,audience,для беременных,audience:dlya-beremennyh,seed_generator,,,,,
витамин d3 для женщин,vitamin-d3-dlya-zhenschin,Аудитории,commercial,audience,audience,для женщин,audience:dlya-zhenschin,seed_generator,,,,,
витамин d3 для мужчин,vitamin-d3-dlya-muzhchin,Аудитории,commercial,audience,audience,для мужчин,audience:dlya-muzhchin,seed_generator,,,,,
витамин d3 для детей,vitamin-d3-dlya-detey,Аудитории,commercial,audience,audience,для детей,audience:dlya-detey,seed_generator,,,,,
витамин d3 для спортсменов,vitamin-d3-dlya-sportsmenov,Аудитории,commercial,audience,audience,для спортсменов,audience:dlya-sportsmenov,seed_generator,,,,,
витамин d3 для беременных,vitamin-d3-dlya-beremennyh,Аудитории,commercial,audience,audience,для беременных,audience:dlya-beremennyh,seed_generator,,,,,
коллаген для женщин,kollagen-dlya-zhenschin,Аудитории,commercial,audience,audience,для женщин,audience:dlya-zhenschin,seed_generator,,,,,
коллаген для мужчин,kollagen-dlya-muzhchin,Аудитории,commercial,audience,audience,для мужчин,audience:dlya-muzhchin,seed_generator,,,,,
коллаген для детей,kollagen-dlya-detey,Аудитории,commercial,audience,audience,для детей,audience:dlya-detey,seed_generator,,,,,
коллаген для спортсменов,kollagen-dlya-sportsmenov,Аудитории,commercial,audience,audience,для спортсменов,audience:dlya-sportsmenov,seed_generator,,,,,
коллаген для беременных,kollagen-dlya-beremennyh,Аудитории,commercial,audience,audience,для беременных,audience:dlya-beremennyh,seed_generator,,,,,
пробиотики для женщин,probiotiki-dlya-zhenschin,Аудитории,commercial,audience,audience,для женщин,audience:dlya-zhenschin,seed_generator,,,,,
пробиотики для мужчин,probiotiki-dlya-muzhchin,Аудитории,commercial,audience,audience,для мужчин,audience:dlya-muzhchin,seed_generator,,,,,
пробиотики для детей,probiotiki-dlya-detey,Аудитории,commercial,audience,audience,для детей,audience:dlya-detey,seed_generator,,,,,
пробиотики для спортсменов,probiotiki-dlya-sportsmenov,Аудитории,commercial,audience,audience,для спортсменов,audience:dlya-sportsmenov,seed_generator,,,,,
пробиотики для беременных,probiotiki-dlya-beremennyh,Аудитории,commercial,audience,audience,для беременных,audience:dlya-beremennyh,seed_generator,,,,,
цинк для женщин,tsink-dlya-zhenschin,Аудитории,commercial,audience,audience,для женщин,audience:dlya-zhenschin,seed_generator,,,,,
цинк для мужчин,tsink-dlya-muzhchin,Аудитории,commercial,audience,audience,для мужчин,audience:dlya-muzhchin,seed_generator,,,,,
цинк для детей,tsink-dlya-detey,Аудитории,commercial,audience,audience,для детей,audience:dlya-detey,seed_generator,,,,,
цинк для спортсменов,tsink-dlya-sportsmenov,Аудитории,commercial,audience,audience,для спортсменов,audience:dlya-sportsmenov,seed_generator,,,,,
цинк для беременных,tsink-dlya-beremennyh,Аудитории,commercial,audience,audience,для беременных,audience:dlya-beremennyh,seed_generator,,,,,
витамин c для женщин,vitamin-c-dlya-zhenschin,Аудитории,commercial,audience,audience,для женщин,audience:dlya-zhenschin,seed_generator,,,,,
витамин c для мужчин,vitamin-c-dlya-muzhchin,Аудитории,commercial,audience,audience,для мужчин,audience:dlya-muzhchin,seed_generator,,,,,
витамин c для детей,vitamin-c-dlya-detey,Аудитории,commercial,audience,audience,для детей,audience:dlya-detey,seed_generator,,,,,
витамин c для спортсменов,vitamin-c-dlya-sportsmenov,Аудитории,commercial,audience,audience,для спортсменов,audience:dlya-sportsmenov,seed_generator,,,,,
витамин c для беременных,vitamin-c-dlya-beremennyh,Аудитории,commercial,audience,audience,для беременных,audience:dlya-beremennyh,seed_generator,,,,,
ашваганда для женщин,ashvaganda-dlya-zhenschin,Аудитории,commercial,audience,audience,для женщин,audience:dlya-zhenschin,seed_generator,,,,,
ашваганда для мужчин,ashvaganda-dlya-muzhchin,Аудитории,commercial,audience,audience,для мужчин,audience:dlya-muzhchin,seed_generator,,,,,
ашваганда для детей,ashvaganda-dlya-detey,Аудитории,commercial,audience,audience,для детей,audience:dlya-detey,seed_generator,,,,,
ашваганда для спортсменов,ashvaganda-dlya-sportsmenov,Аудитории,commercial,audience,audience,для спортсменов,audience:dlya-sportsmenov,seed_generator,,,,,
ашваганда для беременных,ashvaganda-dlya-beremennyh,Аудитории,commercial,audience,audience,для беременных,audience:dlya-beremennyh,seed_generator,,,,,
куркумин для женщин,kurkumin-dlya-zhenschin,Аудитории,commercial,audience,audience,для женщин,audience:dlya-zhenschin,seed_generator,,,,,
куркумин для мужчин,kurkumin-dlya-muzhchin,Аудитории,commercial,audience,audience,для мужчин,audience:dlya-muzhchin,seed_generator,,,,,
куркумин для детей,kurkumin-dlya-detey,Аудитории,commercial,audience,audience,для детей,audience:dlya-detey,seed_generator,,,,,
куркумин для спортсменов,kurkumin-dlya-sportsmenov,Аудитории,commercial,audience,audience,для спортсменов,audience:dlya-sportsmenov,seed_generator,,,,,
куркумин для беременных,kurkumin-dlya-beremennyh,Аудитории,commercial,audience,audience,для беременных,audience:dlya-beremennyh,seed_generator,,,,,
железо для женщин,zhelezo-dlya-zhenschin,Аудитории,commercial,audience,audience,для женщин,audience:dlya-zhenschin,seed_generator,,,,,
железо для мужчин,zhelezo-dlya-muzhchin,Аудитории,commercial,audience,audience,для мужчин,audience:dlya-muzhchin,seed_generator,,,,,
железо для детей,zhelezo-dlya-detey,Аудитории,commercial,audience,audience,для детей,audience:dlya-detey,seed_generator,,,,,
железо для спортсменов,zhelezo-dlya-sportsmenov,Аудитории,commercial,audience,audience,для спортсменов,audience:dlya-sportsmenov,seed_generator,,,,,
железо для беременных,zhelezo-dlya-beremennyh,Аудитории,commercial,audience,audience,для беременных,audience:dlya-beremennyh,seed_generator,,,,,
мелатонин для женщин,melatonin-dlya-zhenschin,Аудитории,commercial,audience,audience,для женщин,audience:dlya-zhenschin,seed_generator,,,,,
мелатонин для мужчин,melatonin-dlya-muzhchin,Аудитории,commercial,audience,audience,для мужчин,audience:dlya-muzhchin,seed_generator,,,,,
мелатонин для детей,melatonin-dlya-detey,Аудитории,commercial,audience,audience,для детей,audience:dlya-detey,seed_generator,,,,,
мелатонин для спортсменов,melatonin-dlya-sportsmenov,Аудитории,commercial,audience,audience,для спортсменов,audience:dlya-sportsmenov,seed_generator,,,,,
мелатонин для беременных,melatonin-dlya-beremennyh,Аудитории,commercial,audience,audience,для беременных,audience:dlya-beremennyh,seed_generator,,,,,
коэнзим q10 для женщин,koenzim-q10-dlya-zhenschin,Аудитории,commercial,audience,audience,для женщин,audience:dlya-zhenschin,seed_generator,,,,,
коэнзим q10 для мужчин,koenzim-q10-dlya-muzhchin,Аудитории,commercial,audience,audience,для мужчин,audience:dlya-muzhchin,seed_generator,,,,,
коэнзим q10 для детей,koenzim-q10-dlya-detey,Аудитории,commercial,audience,audience,для детей,audience:dlya-detey,seed_generator,,,,,
коэнзим q10 для спортсменов,koenzim-q10-dlya-sportsmenov,Аудитории,commercial,audience,audience,для спортсменов,audience:dlya-sportsmenov,seed_generator,,,,,
коэнзим q10 для беременных,koenzim-q10-dlya-beremennyh,Аудитории,commercial,audience,audience,для беременных,audience:dlya-beremennyh,seed_generator,,,,,
магний при дефиците магния,magniy-pri-defitsite-magniya,Симптомы и сценарии,mixed,symptom,symptom,при дефиците магния,symptom:pri-defitsite-magniya,seed_generator,,,,,
магний при усталости,magniy-pri-ustalosti,Симптомы и сценарии,mixed,symptom,symptom,при усталости,symptom:pri-ustalosti,seed_generator,,,,,
магний при выпадении волос,magniy-pri-vypadenii-volos,Симптомы и сценарии,mixed,symptom,symptom,при выпадении волос,symptom:pri-vypadenii-volos,seed_generator,,,,,
магний после антибиотиков,magniy-posle-antibiotikov,Симптомы и сценарии,mixed,symptom,symptom,после антибиотиков,symptom:posle-antibiotikov,seed_generator,,,,,
магний при стрессе,magniy-pri-stresse,Симптомы и сценарии,mixed,symptom,symptom,при стрессе,symptom:pri-stresse,seed_generator,,,,,
магний при судорогах,magniy-pri-sudorogah,Симптомы и сценарии,mixed,symptom,symptom,при судорогах,symptom:pri-sudorogah,seed_generator,,,,,
омега-3 при дефиците магния,omega-3-pri-defitsite-magniya,Симптомы и сценарии,mixed,symptom,symptom,при дефиците магния,symptom:pri-defitsite-magniya,seed_generator,,,,,
омега-3 при усталости,omega-3-pri-ustalosti,Симптомы и сценарии,mixed,symptom,symptom,при усталости,symptom:pri-ustalosti,seed_generator,,,,,
омега-3 при выпадении волос,omega-3-pri-vypadenii-volos,Симптомы и сценарии,mixed,symptom,symptom,при выпадении волос,symptom:pri-vypadenii-volos,seed_generator,,,,,
омега-3 после антибиотиков,omega-3-posle-antibiotikov,Симптомы и сценарии,mixed,symptom,symptom,после антибиотиков,symptom:posle-antibiotikov,seed_generator,,,,,
омега-3 при стрессе,omega-3-pri-stresse,Симптомы и сценарии,mixed,symptom,symptom,при стрессе,symptom:pri-stresse,seed_generator,,,,,
омега-3 при судорогах,omega-3-pri-sudorogah,Симптомы и сценарии,mixed,symptom,symptom,при судорогах,symptom:pri-sudorogah,seed_generator,,,,,
витамин d3 при дефиците магния,vitamin-d3-pri-defitsite-magniya,Симптомы и сценарии,mixed,symptom,symptom,при дефиците магния,symptom:pri-defitsite-magniya,seed_generator,,,,,
витамин d3 при усталости,vitamin-d3-pri-ustalosti,Симптомы и сценарии,mixed,symptom,symptom,при усталости,symptom:pri-ustalosti,seed_generator,,,,,
витамин d3 при выпадении волос,vitamin-d3-pri-vypadenii-volos,Симптомы и сценарии,mixed,symptom,symptom,при выпадении волос,symptom:pri-vypadenii-volos,seed_generator,,,,,
витамин d3 после антибиотиков,vitamin-d3-posle-antibiotikov,Симптомы и сценарии,mixed,symptom,symptom,после антибиотиков,symptom:posle-antibiotikov,seed_generator,,,,,
витамин d3 при стрессе,vitamin-d3-pri-stresse,Симптомы и сценарии,mixed,symptom,symptom,при стрессе,symptom:pri-stresse,seed_generator,,,,,
витамин d3 при судорогах,vitamin-d3-pri-sudorogah,Симптомы и сценарии,mixed,symptom,symptom,при судорогах,symptom:pri-sudorogah,seed_generator,,,,,
коллаген при дефиците магния,kollagen-pri-defitsite-magniya,Симптомы и сценарии,mixed,symptom,symptom,при дефиците магния,symptom:pri-defitsite-magniya,seed_generator,,,,,
коллаген при усталости,kollagen-pri-ustalosti,Симптомы и сценарии,mixed,symptom,symptom,при усталости,symptom:pri-ustalosti,seed_generator,,,,,
коллаген при выпадении волос,kollagen-pri-vypadenii-volos,Симптомы и сценарии,mixed,symptom,symptom,при выпадении волос,symptom:pri-vypadenii-volos,seed_generator,,,,,
коллаген после антибиотиков,kollagen-posle-antibiotikov,Симптомы и сценарии,mixed,symptom,symptom,после антибиотиков,symptom:posle-antibiotikov,seed_generator,,,,,
коллаген при стрессе,kollagen-pri-stresse,Симптомы и сценарии,mixed,symptom,symptom,при стрессе,symptom:pri-stresse,seed_generator,,,,,
коллаген при судорогах,kollagen-pri-sudorogah,Симптомы и сценарии,mixed,symptom,symptom,при судорогах,symptom:pri-sudorogah,seed_generator,,,,,
пробиотики при дефиците магния,probiotiki-pri-defitsite-magniya,Симптомы и сценарии,mixed,symptom,symptom,при дефиците магния,symptom:pri-defitsite-magniya,seed_generator,,,,,
пробиотики при усталости,probiotiki-pri-ustalosti,Симптомы и сценарии,mixed,symptom,symptom,при усталости,symptom:pri-ustalosti,seed_generator,,,,,
пробиотики при выпадении волос,probiotiki-pri-vypadenii-volos,Симптомы и сценарии,mixed,symptom,symptom,при выпадении волос,symptom:pri-vypadenii-volos,seed_generator,,,,,
пробиотики после антибиотиков,probiotiki-posle-antibiotikov,Симптомы и сценарии,mixed,symptom,symptom,после антибиотиков,symptom:posle-antibiotikov,seed_generator,,,,,
пробиотики при стрессе,probiotiki-pri-stresse,Симптомы и сценарии,mixed,symptom,symptom,при стрессе,symptom:pri-stresse,seed_generator,,,,,
пробиотики при судорогах,probiotiki-pri-sudorogah,Симптомы и сценарии,mixed,symptom,symptom,при судорогах,symptom:pri-sudorogah,seed_generator,,,,,
цинк при дефиците магния,tsink-pri-defitsite-magniya,Симптомы и сценарии,mixed,symptom,symptom,при дефиците магния,symptom:pri-defitsite-magniya,seed_generator,,,,,
цинк при усталости,tsink-pri-ustalosti,Симптомы и сценарии,mixed,symptom,symptom,при усталости,symptom:pri-ustalosti,seed_generator,,,,,
цинк при выпадении волос,tsink-pri-vypadenii-volos,Симптомы и сценарии,mixed,symptom,symptom,при выпадении волос,symptom:pri-vypadenii-volos,seed_generator,,,,,
цинк после антибиотиков,tsink-posle-antibiotikov,Симптомы и сценарии,mixed,symptom,symptom,после антибиотиков,symptom:posle-antibiotikov,seed_generator,,,,,
цинк при стрессе,tsink-pri-stresse,Симптомы и сценарии,mixed,symptom,symptom,при стрессе,symptom:pri-stresse,seed_generator,,,,,
цинк при судорогах,tsink-pri-sudorogah,Симптомы и сценарии,mixed,symptom,symptom,при судорогах,symptom:pri-sudorogah,seed_generator,,,,,
витамин c при дефиците магния,vitamin-c-pri-defitsite-magniya,Симптомы и сценарии,mixed,symptom,symptom,при дефиците магния,symptom:pri-defitsite-magniya,seed_generator,,,,,
витамин c при усталости,vitamin-c-pri-ustalosti,Симптомы и сценарии,mixed,symptom,symptom,при усталости,symptom:pri-ustalosti,seed_generator,,,,,
витамин c при выпадении волос,vitamin-c-pri-vypadenii-volos,Симптомы и сценарии,mixed,symptom,symptom,при выпадении волос,symptom:pri-vypadenii-volos,seed_generator,,,,,
витамин c после антибиотиков,vitamin-c-posle-antibiotikov,Симптомы и сценарии,mixed,symptom,symptom,после антибиотиков,symptom:posle-antibiotikov,seed_generator,,,,,
витамин c при стрессе,vitamin-c-pri-stresse,Симптомы и сценарии,mixed,symptom,symptom,при стрессе,symptom:pri-stresse,seed_generator,,,,,
витамин c при судорогах,vitamin-c-pri-sudorogah,Симптомы и сценарии,mixed,symptom,symptom,при судорогах,symptom:pri-sudorogah,seed_generator,,,,,
ашваганда при дефиците магния,ashvaganda-pri-defitsite-magniya,Симптомы и сценарии,mixed,symptom,symptom,при дефиците магния,symptom:pri-defitsite-magniya,seed_generator,,,,,
ашваганда при усталости,ashvaganda-pri-ustalosti,Симптомы и сценарии,mixed,symptom,symptom,при усталости,symptom:pri-ustalosti,seed_generator,,,,,
ашваганда при выпадении волос,ashvaganda-pri-vypadenii-volos,Симптомы и сценарии,mixed,symptom,symptom,при выпадении волос,symptom:pri-vypadenii-volos,seed_generator,,,,,
ашваганда после антибиотиков,ashvaganda-posle-antibiotikov,Симптомы и сценарии,mixed,symptom,symptom,после антибиотиков,symptom:posle-antibiotikov,seed_generator,,,,,
ашваганда при стрессе,ashvaganda-pri-stresse,Симптомы и сценарии,mixed,symptom,symptom,при стрессе,symptom:pri-stresse,seed_generator,,,,,
ашваганда при судорогах,ashvaganda-pri-sudorogah,Симптомы и сценарии,mixed,symptom,symptom,при судорогах,symptom:pri-sudorogah,seed_generator,,,,,
куркумин при дефиците магния,kurkumin-pri-defitsite-magniya,Симптомы и сценарии,mixed,symptom,symptom,при дефиците магния,symptom:pri-defitsite-magniya,seed_generator,,,,,
куркумин при усталости,kurkumin-pri-ustalosti,Симптомы и сценарии,mixed,symptom,symptom,при усталости,symptom:pri-ustalosti,seed_generator,,,,,
куркумин при выпадении волос,kurkumin-pri-vypadenii-volos,Симптомы и сценарии,mixed,symptom,symptom,при выпадении волос,symptom:pri-vypadenii-volos,seed_generator,,,,,
куркумин после антибиотиков,kurkumin-posle-antibiotikov,Симптомы и сценарии,mixed,symptom,symptom,после антибиотиков,symptom:posle-antibiotikov,seed_generator,,,,,
куркумин при стрессе,kurkumin-pri-stresse,Симптомы и сценарии,mixed,symptom,symptom,при стрессе,symptom:pri-stresse,seed_generator,,,,,
куркумин при судорогах,kurkumin-pri-sudorogah,Симптомы и сценарии,mixed,symptom,symptom,при судорогах,symptom:pri-sudorogah,seed_generator,,,,,
железо при дефиците магния,zhelezo-pri-defitsite-magniya,Симптомы и сценарии,mixed,symptom,symptom,при дефиците магния,symptom:pri-defitsite-magniya,seed_generator,,,,,
железо при усталости,zhelezo-pri-ustalosti,Симптомы и сценарии,mixed,symptom,symptom,при усталости,symptom:pri-ustalosti,seed_generator,,,,,
железо при выпадении волос,zhelezo-pri-vypadenii-volos,Симптомы и сценарии,mixed,symptom,symptom,при выпадении волос,symptom:pri-vypadenii-volos,seed_generator,,,,,
железо после антибиотиков,zhelezo-posle-antibiotikov,Симптомы и сценарии,mixed,symptom,symptom,после антибиотиков,symptom:posle-antibiotikov,seed_generator,,,,,
железо при стрессе,zhelezo-pri-stresse,Симптомы и сценарии,mixed,symptom,symptom,при стрессе,symptom:pri-stresse,seed_generator,,,,,
железо при судорогах,zhelezo-pri-sudorogah,Симптомы и сценарии,mixed,symptom,symptom,при судорогах,symptom:pri-sudorogah,seed_generator,,,,,
мелатонин при дефиците магния,melatonin-pri-defitsite-magniya,Симптомы и сценарии,mixed,symptom,symptom,при дефиците магния,symptom:pri-defitsite-magniya,seed_generator,,,,,
мелатонин при усталости,melatonin-pri-ustalosti,Симптомы и сценарии,mixed,symptom,symptom,при усталости,symptom:pri-ustalosti,seed_generator,,,,,
мелатонин при выпадении волос,melatonin-pri-vypadenii-volos,Симптомы и сценарии,mixed,symptom,symptom,при выпадении волос,symptom:pri-vypadenii-volos,seed_generator,,,,,
мелатонин после антибиотиков,melatonin-posle-antibiotikov,Симптомы и сценарии,mixed,symptom,symptom,после антибиотиков,symptom:posle-antibiotikov,seed_generator,,,,,
мелатонин при стрессе,melatonin-pri-stresse,Симптомы и сценарии,mixed,symptom,symptom,при стрессе,symptom:pri-stresse,seed_generator,,,,,
мелатонин при судорогах,melatonin-pri-sudorogah,Симптомы и сценарии,mixed,symptom,symptom,при судорогах,symptom:pri-sudorogah,seed_generator,,,,,
коэнзим q10 при дефиците магния,koenzim-q10-pri-defitsite-magniya,Симптомы и сценарии,mixed,symptom,symptom,при дефиците магния,symptom:pri-defitsite-magniya,seed_generator,,,,,
коэнзим q10 при усталости,koenzim-q10-pri-ustalosti,Симптомы и сценарии,mixed,symptom,symptom,при усталости,symptom:pri-ustalosti,seed_generator,,,,,
коэнзим q10 при выпадении волос,koenzim-q10-pri-vypadenii-volos,Симптомы и сценарии,mixed,symptom,symptom,при выпадении волос,symptom:pri-vypadenii-volos,seed_generator,,,,,
коэнзим q10 после антибиотиков,koenzim-q10-posle-antibiotikov,Симптомы и сценарии,mixed,symptom,symptom,после антибиотиков,symptom:posle-antibiotikov,seed_generator,,,,,
коэнзим q10 при стрессе,koenzim-q10-pri-stresse,Симптомы и сценарии,mixed,symptom,symptom,при стрессе,symptom:pri-stresse,seed_generator,,,,,
коэнзим q10 при судорогах,koenzim-q10-pri-sudorogah,Симптомы и сценарии,mixed,symptom,symptom,при судорогах,symptom:pri-sudorogah,seed_generator,,,,,
магний в капсулах,magniy-v-kapsulah,Форм-факторы,commercial,form_factor,form_factor,в капсулах,form_factor:v-kapsulah,seed_generator,,,,,
магний в порошке,magniy-v-poroshke,Форм-факторы,commercial,form_factor,form_factor,в порошке,form_factor:v-poroshke,seed_generator,,,,,
магний в каплях,magniy-v-kaplyah,Форм-факторы,commercial,form_factor,form_factor,в каплях,form_factor:v-kaplyah,seed_generator,,,,,
магний жевательные,magniy-zhevatelnye,Форм-факторы,commercial,form_factor,form_factor,жевательные,form_factor:zhevatelnye,seed_generator,,,,,
магний таблетки,magniy-tabletki,Форм-факторы,commercial,form_factor,form_factor,таблетки,form_factor:tabletki,seed_generator,,,,,
магний жидкий,magniy-zhidkiy,Форм-факторы,commercial,form_factor,form_factor,жидкий,form_factor:zhidkiy,seed_generator,,,,,
омега-3 в капсулах,omega-3-v-kapsulah,Форм-факторы,commercial,form_factor,form_factor,в капсулах,form_factor:v-kapsulah,seed_generator,,,,,
омега-3 в порошке,omega-3-v-poroshke,Форм-факторы,commercial,form_factor,form_factor,в порошке,form_factor:v-poroshke,seed_generator,,,,,
омега-3 в каплях,omega-3-v-kaplyah,Форм-факторы,commercial,form_factor,form_factor,в каплях,form_factor:v-kaplyah,seed_generator,,,,,
омега-3 жевательные,omega-3-zhevatelnye,Форм-факторы,commercial,form_factor,form_factor,жевательные,form_factor:zhevatelnye,seed_generator,,,,,
омега-3 таблетки,omega-3-tabletki,Форм-факторы,commercial,form_factor,form_factor,таблетки,form_factor:tabletki,seed_generator,,,,,
омега-3 жидкий,omega-3-zhidkiy,Форм-факторы,commercial,form_factor,form_factor,жидкий,form_factor:zhidkiy,seed_generator,,,,,
витамин d3 в капсулах,vitamin-d3-v-kapsulah,Форм-факторы,commercial,form_factor,form_factor,в капсулах,form_factor:v-kapsulah,seed_generator,,,,,
витамин d3 в порошке,vitamin-d3-v-poroshke,Форм-факторы,commercial,form_factor,form_factor,в порошке,form_factor:v-poroshke,seed_generator,,,,,
витамин d3 в каплях,vitamin-d3-v-kaplyah,Форм-факторы,commercial,form_factor,form_factor,в каплях,form_factor:v-kaplyah,seed_generator,,,,,
витамин d3 жевательные,vitamin-d3-zhevatelnye,Форм-факторы,commercial,form_factor,form_factor,жевательные,form_factor:zhevatelnye,seed_generator,,,,,
витамин d3 таблетки,vitamin-d3-tabletki,Форм-факторы,commercial,form_factor,form_factor,таблетки,form_factor:tabletki,seed_generator,,,,,
витамин d3 жидкий,vitamin-d3-zhidkiy,Форм-факторы,commercial,form_factor,form_factor,жидкий,form_factor:zhidkiy,seed_generator,,,,,
коллаген в капсулах,kollagen-v-kapsulah,Форм-факторы,commercial,form_factor,form_factor,в капсулах,form_factor:v-kapsulah,seed_generator,,,,,
коллаген в порошке,kollagen-v-poroshke,Форм-факторы,commercial,form_factor,form_factor,в порошке,form_factor:v-poroshke,seed_generator,,,,,
коллаген в каплях,kollagen-v-kaplyah,Форм-факторы,commercial,form_factor,form_factor,в каплях,form_factor:v-kaplyah,seed_generator,,,,,
коллаген жевательные,kollagen-zhevatelnye,Форм-факторы,commercial,form_factor,form_factor,жевательные,form_factor:zhevatelnye,seed_generator,,,,,
коллаген таблетки,kollagen-tabletki,Форм-факторы,commercial,form_factor,form_factor,таблетки,form_factor:tabletki,seed_generator,,,,,
коллаген жидкий,kollagen-zhidkiy,Форм-факторы,commercial,form_factor,form_factor,жидкий,form_factor:zhidkiy,seed_generator,,,,,
пробиотики в капсулах,probiotiki-v-kapsulah,Форм-факторы,commercial,form_factor,form_factor,в капсулах,form_factor:v-kapsulah,seed_generator,,,,,
пробиотики в порошке,probiotiki-v-poroshke,Форм-факторы,commercial,form_factor,form_factor,в порошке,form_factor:v-poroshke,seed_generator,,,,,
пробиотики в каплях,probiotiki-v-kaplyah,Форм-факторы,commercial,form_factor,form_factor,в каплях,form_factor:v-kaplyah,seed_generator,,,,,
пробиотики жевательные,probiotiki-zhevatelnye,Форм-факторы,commercial,form_factor,form_factor,жевательные,form_factor:zhevatelnye,seed_generator,,,,,
пробиотики таблетки,probiotiki-tabletki,Форм-факторы,commercial,form_factor,form_factor,таблетки,form_factor:tabletki,seed_generator,,,,,
пробиотики жидкий,probiotiki-zhidkiy,Форм-факторы,commercial,form_factor,form_factor,жидкий,form_factor:zhidkiy,seed_generator,,,,,
цинк в капсулах,tsink-v-kapsulah,Форм-факторы,commercial,form_factor,form_factor,в капсулах,form_factor:v-kapsulah,seed_generator,,,,,
цинк в порошке,tsink-v-poroshke,Форм-факторы,commercial,form_factor,form_factor,в порошке,form_factor:v-poroshke,seed_generator,,,,,
цинк в каплях,tsink-v-kaplyah,Форм-факторы,commercial,form_factor,form_factor,в каплях,form_factor:v-kaplyah,seed_generator,,,,,
цинк жевательные,tsink-zhevatelnye,Форм-факторы,commercial,form_factor,form_factor,жевательные,form_factor:zhevatelnye,seed_generator,,,,,
цинк таблетки,tsink-tabletki,Форм-факторы,commercial,form_factor,form_factor,таблетки,form_factor:tabletki,seed_generator,,,,,
цинк жидкий,tsink-zhidkiy,Форм-факторы,commercial,form_factor,form_factor,жидкий,form_factor:zhidkiy,seed_generator,,,,,
витамин c в капсулах,vitamin-c-v-kapsulah,Форм-факторы,commercial,form_factor,form_factor,в капсулах,form_factor:v-kapsulah,seed_generator,,,,,
витамин c в порошке,vitamin-c-v-poroshke,Форм-факторы,commercial,form_factor,form_factor,в порошке,form_factor:v-poroshke,seed_generator,,,,,
витамин c в каплях,vitamin-c-v-kaplyah,Форм-факторы,commercial,form_factor,form_factor,в каплях,form_factor:v-kaplyah,seed_generator,,,,,
витамин c жевательные,vitamin-c-zhevatelnye,Форм-факторы,commercial,form_factor,form_factor,жевательные,form_factor:zhevatelnye,seed_generator,,,,,
витамин c таблетки,vitamin-c-tabletki,Форм-факторы,commercial,form_factor,form_factor,таблетки,form_factor:tabletki,seed_generator,,,,,
витамин c жидкий,vitamin-c-zhidkiy,Форм-факторы,commercial,form_factor,form_factor,жидкий,form_factor:zhidkiy,seed_generator,,,,,
ашваганда в капсулах,ashvaganda-v-kapsulah,Форм-факторы,commercial,form_factor,form_factor,в капсулах,form_factor:v-kapsulah,seed_generator,,,,,
ашваганда в порошке,ashvaganda-v-poroshke,Форм-факторы,commercial,form_factor,form_factor,в порошке,form_factor:v-poroshke,seed_generator,,,,,
ашваганда в каплях,ashvaganda-v-kaplyah,Форм-факторы,commercial,form_factor,form_factor,в каплях,form_factor:v-kaplyah,seed_generator,,,,,
ашваганда жевательные,ashvaganda-zhevatelnye,Форм-факторы,commercial,form_factor,form_factor,жевательные,form_factor:zhevatelnye,seed_generator,,,,,
ашваганда таблетки,ashvaganda-tabletki,Форм-факторы,commercial,form_factor,form_factor,таблетки,form_factor:tabletki,seed_generator,,,,,
ашваганда жидкий,ashvaganda-zhidkiy,Форм-факторы,commercial,form_factor,form_factor,жидкий,form_factor:zhidkiy,seed_generator,,,,,
куркумин в капсулах,kurkumin-v-kapsulah,Форм-факторы,commercial,form_factor,form_factor,в капсулах,form_factor:v-kapsulah,seed_generator,,,,,
куркумин в порошке,kurkumin-v-poroshke,Форм-факторы,commercial,form_factor,form_factor,в порошке,form_factor:v-poroshke,seed_generator,,,,,
куркумин в каплях,kurkumin-v-kaplyah,Форм-факторы,commercial,form_factor,form_factor,в каплях,form_factor:v-kaplyah,seed_generator,,,,,
куркумин жевательные,kurkumin-zhevatelnye,Форм-факторы,commercial,form_factor,form_factor,жевательные,form_factor:zhevatelnye,seed_generator,,,,,
куркумин таблетки,kurkumin-tabletki,Форм-факторы,commercial,form_factor,form_factor,таблетки,form_factor:tabletki,seed_generator,,,,,
куркумин жидкий,kurkumin-zhidkiy,Форм-факторы,commercial,form_factor,form_factor,жидкий,form_factor:zhidkiy,seed_generator,,,,,
железо в капсулах,zhelezo-v-kapsulah,Форм-факторы,commercial,form_factor,form_factor,в капсулах,form_factor:v-kapsulah,seed_generator,,,,,
железо в порошке,zhelezo-v-poroshke,Форм-факторы,commercial,form_factor,form_factor,в порошке,form_factor:v-poroshke,seed_generator,,,,,
железо в каплях,zhelezo-v-kaplyah,Форм-факторы,commercial,form_factor,form_factor,в каплях,form_factor:v-kaplyah,seed_generator,,,,,
железо жевательные,zhelezo-zhevatelnye,Форм-факторы,commercial,form_factor,form_factor,жевательные,form_factor:zhevatelnye,seed_generator,,,,,
железо таблетки,zhelezo-tabletki,Форм-факторы,commercial,form_factor,form_factor,таблетки,form_factor:tabletki,seed_generator,,,,,
железо жидкий,zhelezo-zhidkiy,Форм-факторы,commercial,form_factor,form_factor,жидкий,form_factor:zhidkiy,seed_generator,,,,,
мелатонин в капсулах,melatonin-v-kapsulah,Форм-факторы,commercial,form_factor,form_factor,в капсулах,form_factor:v-kapsulah,seed_generator,,,,,
мелатонин в порошке,melatonin-v-poroshke,Форм-факторы,commercial,form_factor,form_factor,в порошке,form_factor:v-poroshke,seed_generator,,,,,
мелатонин в каплях,melatonin-v-kaplyah,Форм-факторы,commercial,form_factor,form_factor,в каплях,form_factor:v-kaplyah,seed_generator,,,,,
мелатонин жевательные,melatonin-zhevatelnye,Форм-факторы,commercial,form_factor,form_factor,жевательные,form_factor:zhevatelnye,seed_generator,,,,,
мелатонин таблетки,melatonin-tabletki,Форм-факторы,commercial,form_factor,form_factor,таблетки,form_factor:tabletki,seed_generator,,,,,
мелатонин жидкий,melatonin-zhidkiy,Форм-факторы,commercial,form_factor,form_factor,жидкий,form_factor:zhidkiy,seed_generator,,,,,
коэнзим q10 в капсулах,koenzim-q10-v-kapsulah,Форм-факторы,commercial,form_factor,form_factor,в капсулах,form_factor:v-kapsulah,seed_generator,,,,,
коэнзим q10 в порошке,koenzim-q10-v-poroshke,Форм-факторы,commercial,form_factor,form_factor,в порошке,form_factor:v-poroshke,seed_generator,,,,,
коэнзим q10 в каплях,koenzim-q10-v-kaplyah,Форм-факторы,commercial,form_factor,form_factor,в каплях,form_factor:v-kaplyah,seed_generator,,,,,
коэнзим q10 жевательные,koenzim-q10-zhevatelnye,Форм-факторы,commercial,form_factor,form_factor,жевательные,form_factor:zhevatelnye,seed_generator,,,,,
коэнзим q10 таблетки,koenzim-q10-tabletki,Форм-факторы,commercial,form_factor,form_factor,таблетки,form_factor:tabletki,seed_generator,,,,,
коэнзим q10 жидкий,koenzim-q10-zhidkiy,Форм-факторы,commercial,form_factor,form_factor,жидкий,form_factor:zhidkiy,seed_generator,,,,,
магний,magniy,Магний,mixed,ingredient,ingredient,магний,ingredient:magniy,seed_generator,,,,,
омега-3,omega-3,Омега-3,mixed,ingredient,ingredient,омега-3,ingredient:omega-3,seed_generator,,,,,
витамин d3,vitamin-d3,Витамин d3,mixed,ingredient,ingredient,витамин d3,ingredient:vitamin-d3,seed_generator,,,,,
коллаген,kollagen,Коллаген,mixed,ingredient,ingredient,коллаген,ingredient:kollagen,seed_generator,,,,,
пробиотики,probiotiki,Пробиотики,mixed,ingredient,ingredient,пробиотики,ingredient:probiotiki,seed_generator,,,,,
цинк,tsink,Цинк,mixed,ingredient,ingredient,цинк,ingredient:tsink,seed_generator,,,,,
витамин c,vitamin-c,Витамин c,mixed,ingredient,ingredient,витамин c,ingredient:vitamin-c,seed_generator,,,,,
ашваганда,ashvaganda,Ашваганда,mixed,ingredient,ingredient,ашваганда,ingredient:ashvaganda,seed_generator,,,,,
куркумин,kurkumin,Куркумин,mixed,ingredient,ingredient,куркумин,ingredient:kurkumin,seed_generator,,,,,
железо,zhelezo,Железо,mixed,ingredient,ingredient,железо,ingredient:zhelezo,seed_generator,,,,,
мелатонин,melatonin,Мелатонин,mixed,ingredient,ingredient,мелатонин,ingredient:melatonin,seed_generator,,,,,
коэнзим q10,koenzim-q10,Коэнзим q10,mixed,ingredient,ingredient,коэнзим q10,ingredient:koenzim-q10,seed_generator,,,,,
solgar,solgar,Solgar,commercial,brand,brand,solgar,brand:solgar,seed_generator,,,,,
now foods,now-foods,Now foods,commercial,brand,brand,now foods,brand:now-foods,seed_generator,,,,,
california gold nutrition,california-gold-nutrition,California gold nutrition,commercial,brand,brand,california gold nutrition,brand:california-gold-nutrition,seed_generator,,,,,
nature's way,natures-way,Nature's way,commercial,brand,brand,nature's way,brand:natures-way,seed_generator,,,,,
thorne,thorne,Thorne,commercial,brand,brand,thorne,brand:thorne,seed_generator,,,,,
jarrow formulas,jarrow-formulas,Jarrow formulas,commercial,brand,brand,jarrow formulas,brand:jarrow-formulas,seed_generator,,,,,
solgar магний,solgar-magniy,Solgar,commercial,brand,brand,solgar,brand:solgar,seed_generator,,,,,
solgar омега-3,solgar-omega-3,Solgar,commercial,brand,brand,solgar,brand:solgar,seed_generator,,,,,
solgar витамин d3,solgar-vitamin-d3,Solgar,commercial,brand,brand,solgar,brand:solgar,seed_generator,,,,,
solgar коллаген,solgar-kollagen,Solgar,commercial,brand,brand,solgar,brand:solgar,seed_generator,,,,,
solgar пробиотики,solgar-probiotiki,Solgar,commercial,brand,brand,solgar,brand:solgar,seed_generator,,,,,
solgar цинк,solgar-tsink,Solgar,commercial,brand,brand,solgar,brand:solgar,seed_generator,,,,,
solgar витамин c,solgar-vitamin-c,Solgar,commercial,brand,brand,solgar,brand:solgar,seed_generator,,,,,
solgar ашваганда,solgar-ashvaganda,Solgar,commercial,brand,brand,solgar,brand:solgar,seed_generator,,,,,
solgar куркумин,solgar-kurkumin,Solgar,commercial,brand,brand,solgar,brand:solgar,seed_generator,,,,,
solgar железо,solgar-zhelezo,Solgar,commercial,brand,brand,solgar,brand:solgar,seed_generator,,,,,
solgar мелатонин,solgar-melatonin,Solgar,commercial,brand,brand,solgar,brand:solgar,seed_generator,,,,,
solgar коэнзим q10,solgar-koenzim-q10,Solgar,commercial,brand,brand,solgar,brand:solgar,seed_generator,,,,,
now foods магний,now-foods-magniy,Now foods,commercial,brand,brand,now foods,brand:now-foods,seed_generator,,,,,
now foods омега-3,now-foods-omega-3,Now foods,commercial,brand,brand,now foods,brand:now-foods,seed_generator,,,,,
now foods витамин d3,now-foods-vitamin-d3,Now foods,commercial,brand,brand,now foods,brand:now-foods,seed_generator,,,,,
now foods коллаген,now-foods-kollagen,Now foods,commercial,brand,brand,now foods,brand:now-foods,seed_generator,,,,,
now foods пробиотики,now-foods-probiotiki,Now foods,commercial,brand,brand,now foods,brand:now-foods,seed_generator,,,,,
now foods цинк,now-foods-tsink,Now foods,commercial,brand,brand,now foods,brand:now-foods,seed_generator,,,,,
now foods витамин c,now-foods-vitamin-c,Now foods,commercial,brand,brand,now foods,brand:now-foods,seed_generator,,,,,
now foods ашваганда,now-foods-ashvaganda,Now foods,commercial,brand,brand,now foods,brand:now-foods,seed_generator,,,,,
now foods куркумин,now-foods-kurkumin,Now foods,commercial,brand,brand,now foods,brand:now-foods,seed_generator,,,,,
now foods железо,now-foods-zhelezo,Now foods,commercial,brand,brand,now foods,brand:now-foods,seed_generator,,,,,
now foods мелатонин,now-foods-melatonin,Now foods,commercial,brand,brand,now foods,brand:now-foods,seed_generator,,,,,
now foods коэнзим q10,now-foods-koenzim-q10,Now foods,commercial,brand,brand,now foods,brand:now-foods,seed_generator,,,,,
california gold nutrition магний,california-gold-nutrition-magniy,California gold nutrition,commercial,brand,brand,california gold nutrition,brand:california-gold-nutrition,seed_generator,,,,,
california gold nutrition омега-3,california-gold-nutrition-omega-3,California gold nutrition,commercial,brand,brand,california gold nutrition,brand:california-gold-nutrition,seed_generator,,,,,
california gold nutrition витамин d3,california-gold-nutrition-vitamin-d3,California gold nutrition,commercial,brand,brand,california gold nutrition,brand:california-gold-nutrition,seed_generator,,,,,
california gold nutrition коллаген,california-gold-nutrition-kollagen,California gold nutrition,commercial,brand,brand,california gold nutrition,brand:california-gold-nutrition,seed_generator,,,,,
california gold nutrition пробиотики,california-gold-nutrition-probiotiki,California gold nutrition,commercial,brand,brand,california gold nutrition,brand:california-gold-nutrition,seed_generator,,,,,
california gold nutrition цинк,california-gold-nutrition-tsink,California gold nutrition,commercial,brand,brand,california gold nutrition,brand:california-gold-nutrition,seed_generator,,,,,
california gold nutrition витамин c,california-gold-nutrition-vitamin-c,California gold nutrition,commercial,brand,brand,california gold nutrition,brand:california-gold-nutrition,seed_generator,,,,,
california gold nutrition ашваганда,california-gold-nutrition-ashvaganda,California gold nutrition,commercial,brand,brand,california gold nutrition,brand:california-gold-nutrition,seed_generator,,,,,
california gold nutrition куркумин,california-gold-nutrition-kurkumin,California gold nutrition,commercial,brand,brand,california gold nutrition,brand:california-gold-nutrition,seed_generator,,,,,
california gold nutrition железо,california-gold-nutrition-zhelezo,California gold nutrition,commercial,brand,brand,california gold nutrition,brand:california-gold-nutrition,seed_generator,,,,,
california gold nutrition мелатонин,california-gold-nutrition-melatonin,California gold nutrition,commercial,brand,brand,california gold nutrition,brand:california-gold-nutrition,seed_generator,,,,,
california gold nutrition коэнзим q10,california-gold-nutrition-koenzim-q10,California gold nutrition,commercial,brand,brand,california gold nutrition,brand:california-gold-nutrition,seed_generator,,,,,
nature's way магний,natures-way-magniy,Nature's way,commercial,brand,brand,nature's way,brand:natures-way,seed_generator,,,,,
nature's way омега-3,natures-way-omega-3,Nature's way,commercial,brand,brand,nature's way,brand:natures-way,seed_generator,,,,,
nature's way витамин d3,natures-way-vitamin-d3,Nature's way,commercial,brand,brand,nature's way,brand:natures-way,seed_generator,,,,,
nature's way коллаген,natures-way-kollagen,Nature's way,commercial,brand,brand,nature's way,brand:natures-way,seed_generator,,,,,
nature's way пробиотики,natures-way-probiotiki,Nature's way,commercial,brand,brand,nature's way,brand:natures-way,seed_generator,,,,,
nature's way цинк,natures-way-tsink,Nature's way,commercial,brand,brand,nature's way,brand:natures-way,seed_generator,,,,,
nature's way витамин c,natures-way-vitamin-c,Nature's way,commercial,brand,brand,nature's way,brand:natures-way,seed_generator,,,,,
nature's way ашваганда,natures-way-ashvaganda,Nature's way,commercial,brand,brand,nature's way,brand:natures-way,seed_generator,,,,,
nature's way куркумин,natures-way-kurkumin,Nature's way,commercial,brand,brand,nature's way,brand:natures-way,seed_generator,,,,,
nature's way железо,natures-way-zhelezo,Nature's way,commercial,brand,brand,nature's way,brand:natures-way,seed_generator,,,,,
nature's way мелатонин,natures-way-melatonin,Nature's way,commercial,brand,brand,nature's way,brand:natures-way,seed_generator,,,,,
nature's way коэнзим q10,natures-way-koenzim-q10,Nature's way,commercial,brand,brand,nature's way,brand:natures-way,seed_generator,,,,,
thorne магний,thorne-magniy,Thorne,commercial,brand,brand,thorne,brand:thorne,seed_generator,,,,,
thorne омега-3,thorne-omega-3,Thorne,commercial,brand,brand,thorne,brand:thorne,seed_generator,,,,,
thorne витамин d3,thorne-vitamin-d3,Thorne,commercial,brand,brand,thorne,brand:thorne,seed_generator,,,,,
thorne коллаген,thorne-kollagen,Thorne,commercial,brand,brand,thorne,brand:thorne,seed_generator,,,,,
thorne пробиотики,thorne-probiotiki,Thorne,commercial,brand,brand,thorne,brand:thorne,seed_generator,,,,,
thorne цинк,thorne-tsink,Thorne,commercial,brand,brand,thorne,brand:thorne,seed_generator,,,,,
thorne витамин c,thorne-vitamin-c,Thorne,commercial,brand,brand,thorne,brand:thorne,seed_generator,,,,,
thorne ашваганда,thorne-ashvaganda,Thorne,commercial,brand,brand,thorne,brand:thorne,seed_generator,,,,,
thorne куркумин,thorne-kurkumin,Thorne,commercial,brand,brand,thorne,brand:thorne,seed_generator,,,,,
thorne железо,thorne-zhelezo,Thorne,commercial,brand,brand,thorne,brand:thorne,seed_generator,,,,,
thorne мелатонин,thorne-melatonin,Thorne,commercial,brand,brand,thorne,brand:thorne,seed_generator,,,,,
thorne коэнзим q10,thorne-koenzim-q10,Thorne,commercial,brand,brand,thorne,brand:thorne,seed_generator,,,,,
jarrow formulas магний,jarrow-formulas-magniy,Jarrow formulas,commercial,brand,brand,jarrow formulas,brand:jarrow-formulas,seed_generator,,,,,
jarrow formulas омега-3,jarrow-formulas-omega-3,Jarrow formulas,commercial,brand,brand,jarrow formulas,brand:jarrow-formulas,seed_generator,,,,,
jarrow formulas витамин d3,jarrow-formulas-vitamin-d3,Jarrow formulas,commercial,brand,brand,jarrow formulas,brand:jarrow-formulas,seed_generator,,,,,
jarrow formulas коллаген,jarrow-formulas-kollagen,Jarrow formulas,commercial,brand,brand,jarrow formulas,brand:jarrow-formulas,seed_generator,,,,,
jarrow formulas пробиотики,jarrow-formulas-probiotiki,Jarrow formulas,commercial,brand,brand,jarrow formulas,brand:jarrow-formulas,seed_generator,,,,,
jarrow formulas цинк,jarrow-formulas-tsink,Jarrow formulas,commercial,brand,brand,jarrow formulas,brand:jarrow-formulas,seed_generator,,,,,
jarrow formulas витамин c,jarrow-formulas-vitamin-c,Jarrow formulas,commercial,brand,brand,jarrow formulas,brand:jarrow-formulas,seed_generator,,,,,
jarrow formulas ашваганда,jarrow-formulas-ashvaganda,Jarrow formulas,commercial,brand,brand,jarrow formulas,brand:jarrow-formulas,seed_generator,,,,,
jarrow formulas куркумин,jarrow-formulas-kurkumin,Jarrow formulas,commercial,brand,brand,jarrow formulas,brand:jarrow-formulas,seed_generator,,,,,
jarrow formulas железо,jarrow-formulas-zhelezo,Jarrow formulas,commercial,brand,brand,jarrow formulas,brand:jarrow-formulas,seed_generator,,,,,
jarrow formulas мелатонин,jarrow-formulas-melatonin,Jarrow formulas,commercial,brand,brand,jarrow formulas,brand:jarrow-formulas,seed_generator,,,,,
jarrow formulas коэнзим q10,jarrow-formulas-koenzim-q10,Jarrow formulas,commercial,brand,brand,jarrow formulas,brand:jarrow-formulas,seed_generator,,,,,
